label,parent_id,author_fullname,author_name,comment_body
2,ax9t4t,t2_16cvlk,LowRentMegazord,Yta. I'm shocked your school condones cuntery of this kind.
2,aeaw4t,t2_2it1nomo,hastur777,NTA - American entered the common usage a long time ago. 
2,aeaw4t,t2_b2m2c,neonsaber,"NTA, these people who call you out.... aren't very smart. People don't usually describe themselves by the *continent* they're from. "
2,aeaw4t,t2_1i7ac391,PracticingGrammarian,"Spoiler Alert: The United States is in America too. You (and they) are Americans. Though, as many have stated, ‚ÄúAmerica‚Äù is very commonly used across the globe to refer to the U.S. NTA. Why shouldn‚Äôt you say you‚Äôre American? "
2,aeaw4t,t2_wqyn0,cernegiant,NTA. In common usage an American is someone from the United States.
2,9v4v5g,t2_2icjq5th,Ciderxi,NTA. He still owes you money. How do you crash the next day? Sad
2,9w539i,t2_kpe7ox2,-ReckIess-,NTA in my opinion. I would respect some professionalism if your job is driving people around. 
2,b4ohtf,t2_2kqzj3jn,feedbacksandwich,YTA. For the insensitive comment. Nothing to do with so called discrimination. 
2,b9jpwi,t2_2ve6j5qn,mildobamacare,"NTA for the emotional response, YTA if she ever vocalises her unhappiness to the giver."
2,b1i0tc,t2_1wfaz7ny,blahblah8003,NAH. It‚Äôs very difficult when someone you love suffers from mental illness.
2,b64cu1,t2_16dl9v,sporadiccatlady,"NTA. In the bus driver's defense, buses take a hell of a lot longer to stop than a car. He should know that and cover his brake long BEFORE an intersection. "
2,b64cu1,t2_177obv,iconjurer,If you legit entered on a green why is this even a question? NTA
2,awyfh9,t2_1ld9dog1,Makkaah,NTA. Hugs (or any physical interaction for that matter) are not obligatory. Act how you feel.
2,ava5fh,t2_16gyyhge,_Ice_Bear,NTA. Totally the right decision for you and your family.
2,a1i9np,t2_y6gk1,TheSpanishKarmada,NTA - you aren't required to spend any amount of money for someone else
2,a8xtll,t2_tcwbi7,brandyto,YTA. Either give gifts to all of the kids or none of the kids. 
2,b6i6nc,t2_8ujng,masterbogarter,"YTA. She is trans. Therefore, she can call herself trans. "
2,b6i6nc,t2_8nzqxr,hatchins,YTA for assuming dysphoria has to do with us calling ourselves trans.
2,b8whnf,t2_235gwsy9,dreamer4523,YTA for how you phrased it but NTA for looking out for their well being.
2,azbqau,t2_1o3k5uxt,Calpernia09,NTA. You have to care for your family first. End of story
2,azbqau,t2_13saxz,holdonwhileipoop,NTA if it would mean taking food from you or your children's mouths. 
2,a4wbsd,t2_fgv5w,boogieman0330,NTA. Humans are curious by nature. We crave information and knowledge. 
2,ba3zvb,t2_8nez2na,superjudy1,YTA very clearly. Your wife seems like a very cool person the way she handled that. Because YTA.
2,an6bw0,t2_2jhpm6y9,alexandermalcolm,Nta. Tell the cry babies it's a take it or leave it offer. 
2,an6bw0,t2_v8rjo,JigSawKitteh,"NTA, they could have asked and made it clear before you invited the guys too."
2,b6kwb4,t2_1dss259n,egalex,NTA I think you should have responded to her in Korean 
2,b6kwb4,t2_gyxo6,misternizz,"NTA, but you might say ""I speak Korean"" to her in Korean next time. "
2,b6kwb4,t2_15jhqz,Wingolf,"NTA, racist(and hilariously inaccurate) comments about customers are unacceptable regardless of job."
2,b6kwb4,t2_1rlqmeir,a1337sti,"NTA the business owner deserves to know that their employee is ""going rogue"" , how else will they fix the problem?"
2,b6kwb4,t2_2vx39kpu,funkydunk-,OP must film the reaction when she reveals she speaks Korean. NTA 
2,b6kwb4,t2_o8il6,CarbonKat,"NTA, but without risking her job making a snide reply in Korean could cause her to knock it off."
2,b01xst,t2_3c9ibt9i,Spindago,NTA. Sounds like she has some issues of her own to deal with. 
2,b01xst,t2_111o2n,IncredibleGonzo,"NTA, she's being hypocritical, self-absorbed, and childish."
2,b01xst,t2_lk6zbmj,Sun_King97,"NTA. God, not every conversation needs to focus on her."
2,b01xst,t2_i68n6,jman580517,NTA. And good for you on opening up!! Don't let this incident stop that in the future.
2,aayffj,t2_9eti3,KatFrog,NTA and good luck dealing with Ms. Drama for the rest of the year.
2,aby8kd,t2_2mpfcq6a,LadyCass79,NTA You have learned through experience enough about these friends to know helping them in this way isn't appropriate. 
2,artjjm,t2_1fcjdbhq,AnarchoNAP,NTA Also the stealing and whatever was wrong with the box are issues. 
2,ay6vu7,t2_o8mie,MidnightEmber,NTA. You'd be providing a service and saving her a lot of money. You deserve to be compensated. 
2,azyhvk,t2_3y4bf,shamechisel,NTA - That's no way to treat someone. Absolutely ridiculous.
2,af02nn,t2_2i0z1tcj,Oilfreeeggs,"Yta. Your ex may have ""grown and matured "" but you haven't. "
2,aiybxa,t2_4ii51u,Bomberman_N64,NTA. This is why its a bad idea to buy something expensive for a person without consulting them. 
2,arskny,t2_2ernlrvl,Gunmetal-Dryad,"NTA - but run. This will not get better, unless you move far away from the mother. And probably not even then. "
2,9xssts,t2_hcu8x,KaleidoKitten,"NTA As the mother of an autistic child, I want to give you a hug. "
2,9xssts,t2_477coj8,simiwood,Nta anything can turn you off to anyone at anytime and this is agreegus 
2,aghwlb,t2_48iw5,jeremiahfira,"From your side of the story, NTA. She belittles your feelings to try and resolve situations? Dumpppppppp her. "
2,9v2shd,t2_k7myv,imnotcreativeokay,"NTA. This is *your* child. If you haven't posted certain photos/information about your child, what makes your mother think that she has the right to? "
2,9v2shd,t2_m9cb3,Hooper0426,NTA. Prepare yourself for a lot more fights like this.
2,9v2shd,t2_233tip4y,Missie-my-dear,"NTA. Tell Nana to look up ""Digital kidnapping"" and respect your not wanting the entire world privy to your life."
2,aj3app,t2_4h063,dreadneck,"NTA and tell your devout asshole catholic siblings that it's OK- Most priests and nearly all monks are gayer than you are. And that's a fact. EDIT: And if you think I was joking, [I wasn't](https://www.usnews.com/news/articles/2013/07/29/catholic-priests-its-empirical-fact-that-many-clergy-are-gay)."
2,9x5xkv,t2_17gma2,BelligerentBenny,NTA Write down the date it happened. Remind her Also your brother seems like a bit of a fuckwit. 12 years old? I was shaving by then 
2,ao0dam,t2_48iw5,jeremiahfira,No paragraph breaks makes YTA just for that. Summarize this
2,9ypl3q,t2_2h552pc0,The_Incredible_Rook,"NTA in any way imo. Unless he brought that computer with his own money, then in which case I think YTA, But with a damn good reason for it."
2,9ypl3q,t2_17vpaz83,VeganLee,NTA. Now I know why hamsters eat their young.
2,a1j5q0,t2_2iroygxp,it_snow_problem,NTA but judgment aside: Are you hourly? They absolutely should be paying you for attending that.
2,a1j5q0,t2_kjnws,derpplerp,NTA. the beatings will continue until morale improves. 
2,a1j5q0,t2_vkzyd20,Min_sora,"NTA, why should a company holiday party be mandatory? No good party was mandatory. "
2,9zec50,t2_4d7w3ag,_lime_time,"NTA. You're not obligated to help people, especially if they spring it on you at end of day. "
2,b5als3,t2_1xgi0kx9,immediatethor,"YTA. Think before you speak, all actions have repercussions and your especially idiotic actions had some well deserved ones. "
2,ajw65d,t2_j06x9,JDDJS,NTA. There's absolutely no reason to hit someone over something so stupid like that. 
2,algye5,t2_32o4hedc,ytayta,NTA Your mom shouldn't expect anything but love from someone with no income.
2,axgfkm,t2_2krlgsu2,Ebox3rchamp, NTA he needs to grow up and leave for work earlier
2,axgfkm,t2_wm2tl0o,SaraMWR,"NTA. Yeah, I get a ten minute wait is inconvenient every day. However, neighbor can eliminate it be leaving earlier. OP's brother does NOT have that option. Neighbor was wrong. "
2,axgfkm,t2_fdo4r,Diabolicus666,"NTA, tell the clown to park 50 meters further down the street to avoid being blocked by the bus. "
2,adbjpu,t2_r1mj3,MarsNirgal,"NTA. It's like they're going out of their way to not let you explain yourself. (Also, ""check your privilege""? Really?)"
2,av4bff,t2_jawlw,NowWithVitaminR,"YTA. He was under no obligation to move, especially since he was there first."
2,b267q0,t2_b1uoa,lila_liechtenstein,"NTA. Protect your wife and her wishes. > her granddaughter needs her there during labor That's just ridiculous. Also, /r/JUSTNOMIL would love to have you."
2,b267q0,t2_zreu3,Ohmannothankyou,NTA Make sure the hospital knows you don‚Äôt want them to give out your information or anyone allowed to visit without permission. 
2,b267q0,t2_98l9a,A_White_Tulip,"NTA, also I'm pretty sure that hospitals aren't supposed divulge that information."
2,azvhsx,t2_egcne,visvis,YTA. Holding the door for the next person is common courtesy.
2,b47upj,t2_8nez2na,superjudy1,YTA totally. What are you trying to accomplish with this if your assets are shared?
2,b2y0bw,t2_27wla2dq,SubjectiveAssertive,NTA - it's not hers to keep.
2,b35dsc,t2_34izqzo1,Shock019,NTA it sounds like he was overacting.
2,b35dsc,t2_3y4bf,shamechisel,NTA. I'm not sure why he's so triggered by the term sleepover... kinda strange.
2,b9uwzb,t2_369tum0s,DiamanteDog,NTA - cousin is AH for saying ‚ÄúI‚Äôm not in the middle‚Äù after _literally_ being in the middle and undercutting your offer then acting like he‚Äôs in the right. That‚Äôs stupid. 
2,aqpujl,t2_xsinm8u,sloretactician,NTA. Make a game out of it! Hide it somewhere different on their property every day. 
2,aqpujl,t2_10ngu3,j_bgl,NTA. If the message isn‚Äôt received next time smear a little bit on the back of their doorknob. 
2,aqpujl,t2_1rlqmeir,a1337sti,"NTA , i completely agree with your handling of this ... ""situation"" "
2,aqpujl,t2_xzcum,cobaltcontrast,NTA Take a video. It's called evidence. Off leash and not picking up their feces is a misdemeanor (depending on your state).
2,aqpujl,t2_1s39jdcg,navajohcc,NTA and next time it happens put it through their letterbox... with or without the bag üí© Edit: a word 
2,aqpujl,t2_12lg44,SamoftheMorgan,NTA. I might also video it so if they complain to management an anonymous email with evidence can be sent.
2,aqpujl,t2_2a7oldf,MendozAAAH,NTA put it I thier mailbox with a little note that says something like 'you dropped this so I'm returning it. No reward necessary'.
2,aqpujl,t2_z0qpm,darkdollmaker,"NTA, since it was in a bag. "
2,apk6ll,t2_216gmwf5,bmolsen86,YTA. I‚Äôd work on self improvement about your issues.
2,atvjvo,t2_2pcug5t3,Brucewangasianbatman,"NTA, though from what you described, it might be oral allergy syndrome...Maybe...You should ask your doctor about that tho"
2,atvjvo,t2_23xkm16p,Eragon856,"NTA. Pain, however mild, shouldn‚Äôt be forced upon someone. "
2,atvjvo,t2_qbgw1,RadSpaceWizard,NTA. You should give your mother the same treatment. 
2,atvjvo,t2_114wwg,MyTitsAreRustled,"NTA all the way. Regardless of severity of an allergy, it should always be respected."
2,atvjvo,t2_87cyg,sturmcrow,NTA don't force kids to eat food esp that they will have a health issue with.
2,atvjvo,t2_jo4i8,xmissxandristx,NTA. Does she not care about his health and comfort? 
2,atvjvo,t2_2tx730a2,dittany_didnt,"NTA, but I do think this allergy business has gone way too far."
2,atvjvo,t2_recgv31,GenXStonerDad,NTA. It is a shame your child is already more intelligent than your mother. 
2,atvjvo,t2_11lki9je,ZhiZhi17,NTA You have an abusive mother who gets off on authority. 
2,atvjvo,t2_ll8npag,icedragon71,"NTA. Big time.There is never a food that is fine to eat, if you still need antihistamine to eat it. "
2,atvjvo,t2_i68n6,jman580517,"NTA. Wow, your mother needs to relax and think of others besides herself."
2,atvjvo,t2_2ze5g0tg,Kellogz27,"NTA if really an allergy, TA if it is an ""I think he's allergic"" allergy."
2,b2dns5,t2_udmac,Hunterofshadows,PLEASE call CPS NTA. That is exactly the kind of thing you should call CPS about 
2,b2dns5,t2_1xvbr4my,letmebe03,"NTA whatsoever, and it infuriates me that people have children they have no intentions of caring for. Definitely give CPS a call. "
2,b2dns5,t2_3b264k58,malicism,"I'm going to join the chorus of NTA. Please, please know that you're doing the right thing by calling CPS."
2,apc04f,t2_1k6cm1xm,lyra_silver,NTA Just keep this interaction in mind for the future. THIS is what you could be marrying into. Demand respect now or pay for it later. 
2,apc04f,t2_2f3hfmov,CageyAnemone_007,NTA I wouldn't go back period. Your boyfriend is being unreasonable. Doesn't fall far from the tree I guess.
2,arnjb9,t2_27wla2dq,SubjectiveAssertive,NTA - for wanting to split the bill YTA - for the way you went about it 
2,arnjb9,t2_9uithbt,hillbillygaragepop,"NTA, but you should have let her known that this was a Dutch date in advance."
2,anthkr,t2_2dhte57e,InformalPresent9,"Well it really depends on what the project was about. Historical cards? YTA. International project/not specifically for korea: YTA not historical, specifically for koreans: NTA."
2,awcw3c,t2_11khs29d,Natasha_Fatale_Woke,"NTA. Your brother is your parents‚Äô responsibility, not yours. "
2,awcw3c,t2_r4x6t,FriendlyFellowDboy,"NTA and if you do, you will be miserable. "
2,awcw3c,t2_1zf9qjr7,minscandboo4ever,NTA nope nope nope nope. 
2,a9eard,t2_prlql,feluto,NTA but you have very low standards
2,a9eard,t2_qw0bk,MissLissaxoxo,"NTA, she belongs in a mental ward if she resorted to violence like that. "
2,b73t6k,t2_zqby7,HomingSnail,NTA. Sounds like a good way to bring her wrath upon your home instead
2,b73t6k,t2_1uppfr2u,brig517,NTA at all. Props to you for wanting good for your wife and yourself. 
2,b8dw7z,t2_2isx7hj8,frankcastle678,YTA for having the sense of entitlement that its their role to help you. 
2,b8dw7z,t2_10n6v0hm,delboy6666,YTA - you sound entitled. No one is obligated to loan you $. Take responsibility for yourself.
2,b67daz,t2_3h4pag10,WeAllFloatDownHere_,NTA - that‚Äôs a big ask and a huge deception. 
2,b67daz,t2_5mow4,Lordica,NTA- Grieve in the way that works best for you and your family. Consider consulting with a probate attorney as well. 
2,b67daz,t2_4t4mqrw,DuskShades,"NTA, you can hold a private ceremony in your home to remember her if you want. Totally acceptable"
2,b67daz,t2_2kqzj3jn,feedbacksandwich,NTA. But my question is what were the details about exactly who would be paid for? 
2,b678ly,t2_3b7adrb8,99-bottlesofbeer,NTA. It's not your responsibility to try and get change out of someone you think won't.
2,b678ly,t2_15i1hc,Alianirlian,"NTA. Once bitten, twice shy. Don't do this to yourself. You are not responsible for someone else's happiness. "
2,a29xtv,t2_17gn3fcl,Sinnes-loeschen,"NTA, I cringe at what the mother has tried to guilt you into doing."
2,a29xtv,t2_a37qc,Outlashed,"NTA Her kids, not yours. Her responsibility to take care of the kids, not yours."
2,a5j2x6,t2_y6gk1,TheSpanishKarmada,NTA being hearing impaired doesn't take away your ability to be considerate of others
2,a5j2x6,t2_b4jmw7g,nurselphalba,NTA-and I'm hearing impaired. You can't make your problems a problem for everyone else.
2,a5j2x6,t2_1htug5a4,BiohackedGamer,"Nta, you're entitled to reasonable expectations of peace and quite during sleeping hours. Other people's impairments don't trump that. "
2,a5j2x6,t2_1bpu1c1m,BoxManINSPACE,"NTA, but your landlords are if they don't have or enforce quiet hours"
2,a5j2x6,t2_ohxx8,VivaVeronica,"NTA, but you should go talk with your neighbor again first."
2,ba5yf8,t2_g2s6bby,Talathia,"NTA. His loss, your gain. It's a better story given that they thought they were ripping you off."
2,ba5yf8,t2_53y95e,LucidOutwork,NTA The catcalling and partying are besides the point. He sold you goods at a price he set. Done deal.
2,ba5yf8,t2_zmjh74j,Bangbangsmashsmash,"NTA, let him get a lawyer, you get a no contact order. The sale was completed"
2,ba5yf8,t2_1kfdjj5y,avocado__dip,"NTA. Block him. The sale is over, he has no claim to the items."
2,ba5yf8,t2_37kz3g37,jacobzink2000,"Nta, it was his responsability to find out the worth of the items, before sellling them. "
2,ba5yf8,t2_1blgmhqj,Dandan419,Nta a done deal is a deal done 
2,ba5yf8,t2_31vhn01b,dmbeeez,"NTA, he should have taken 5 minutes to look into value. "
2,ba5yf8,t2_cn2mr,deadlyhausfrau,NTA. He had the opportunity to get the items values professionally but chose this method of sale.
2,a1klle,t2_n1rnw,darsonx,"NTA. Where's the option for ""is doing the community a service."""
2,a822ym,t2_2lqbrznk,iwasthebread,NTA - but you probably went about it the wrong way. 
2,a59hd4,t2_kjnws,derpplerp,YTA - the deal ended. now you are stealing. 
2,b94vdb,t2_10xtr7,lenachristina,NTA -you're allowed to pick what you want in a partner.
2,an0te6,t2_13vu8r,maywellflower,NTA and you need a better social circle - most of them are garbage and/or assholes.
2,avz02k,t2_2ofbxf61,chiledpickps,YTA. One time is a mistake. Multiple times is a pattern. She has every right to be upset. 
2,almfgo,t2_mmlsel1,TheOneWhosCensored,"NTA, this is why we workout with headphones in. "
2,almfgo,t2_izrl,Aerik,ugh. I hate people who become your coach without your consent. NTA. clearly NTA
2,almfgo,t2_9eti3,KatFrog,"NTA He was completely out of line, especially with the nasty critiques about your performance. "
2,almfgo,t2_1noxnr5q,TheSkyrimLord169,NTA. I get really uncomfortable when strangers greet me in public. And especially since he was criticising your workout 
2,9v8uty,t2_5u6of4d,Camiljr,NTA. Neko ffs... this person has no business naming or raising children.
2,9v8uty,t2_gggw4,bennylima,"Fucking weabo. But on a serious note, NTA, names are for life, choose wisely. "
2,9v8uty,t2_1fmvccqq,the_goob_,NTA. But if I could make a suggestion? You could name him Niccolo or Nikolo (different spelling in different countries). The short form of those names are Nico/Niko. Maybe that would be enough of a compromise for your boyfriend? 
2,b83oy2,t2_50suk2j,ErrantJune,"YTA. Your coffee, your spill, your responsibility. Wash the sheets."
2,ay29oa,t2_wi862,kotominammy,NTA if she has another ride and she keeps missing it
2,ay29oa,t2_5uyon,greenbastardette,"NTA - she's an adult and can take care of her own responsibilities (getting a ride, CLEANING OFF HER BED, etc.),"
2,b0p1xw,t2_12crhvru,AutisticHelpsYou,NTA You reminded him several times to no avail.
2,a8xu19,t2_h5yhw,Vangey,"NTA ~~INFO Which question do you actually want answered?~~ ~~AYTA for~~ *~~expecting~~* ~~sex? Yes, she changed her mind.~~ AYTA for being frustrated and disappointed you didn't get the sex you thought you were going to get? No, you're allowed to feel both of those things. &#x200B;"
2,b5wx1t,t2_2vnjdbsa,Emilz1991," NTA This country has no official language for a reason. This is America, speak whatever you want "
2,b5wx1t,t2_35t7yhcw,OkSock1,NTA - It's illegal for your employer to demand that you only speak English.
2,b5wx1t,t2_2y9ssqzc,szofimayer,NTA. As long as it doesn't affect the business it shouldn't be a problem.
2,b5wx1t,t2_d74vq,Sammiesam123988,"NTA. Sounds like you have a secret ""in America we speak ENGLISH"" type coworker, ugh. Those people are dicks sorry about that. "
2,b5wx1t,t2_5dhon,poeticdisaster,NTA - like others have said. You are fine to speak whatever language you want. 
2,ao9oje,t2_xg4n7f4,dearRuby,NTA. Rules are rules. I like it when administration follows policies in schools. 
2,b1p9n7,t2_zmjh74j,Bangbangsmashsmash,NTA. You‚Äôre giving notice and leaving a job appropriately it‚Äôs a good lesson to learn 
2,a61pcu,t2_hxsoo,JNelson_,NTA and the jet engine was invented in england by a Mr Whittle.
2,b0txvq,t2_g7knv1f,jolie178923-15423435,NTA This is probably the safest place for her to get broken up with.
2,b0txvq,t2_3e4bgmbn,SuperAwesomeWTF,NTA. She has plenty of support in the hospital. You need to focus on you and your own health. 
2,aznwag,t2_3b264k58,malicism,"NTA. My husband doesn't fish, but FWIW we have the same disagreement over cleaning standards. Good luck!"
2,aznwag,t2_1to0qqa2,MikkiTh,NTA This is gross and will smell awful tomorrow if nothing is done. Ugh. 
2,agogpt,t2_1m0abdfm,LivingAtAltitude,NTA. Genetic likeness doesn't obligate you to anyone.
2,agogpt,t2_z70kmr7,BiliousGreen,NTA. You're under no obligation to forgive him.
2,au2bvb,t2_6rj74,enna12,NTA He confided in you. You confided in him.
2,au2bvb,t2_p50e3uq,handsoffmycheese,"NTA Assuming this wasn't a group text, then no one would know about it unless he told all your friends. Bizarre reaction. "
2,au2bvb,t2_11rdbden,pepicant,NTA. Bierasure is unfortunately alive and well in the hearts of many. 
2,ba02md,t2_21d3dbsh,synchronicitistic,"INFO. This is ultimately a statistical question, and the answer will depend on how many tests have been done and what percentage of the workforce gets tested each time. Just for fun, I decided to do a 5-minute simulation of your question to illustrate the result. &#x200B; Sim #1: A large company (50 employees), testing 2 employees a month for 24 months with truly random sampling. Employee: **1 2 7 12 14 17 18 19 20 21 24 31 33 35 36 37 38 39 43 47** 3 10 13 15 22 23 Times tested:**0 0 0 0 0 0 0 0 0 0 0 0 0 0 0 0 0 0 0 0** 1 1 1 1 1 1 Employee: 25 28 29 34 40 41 44 45 46 48 49 50 4 6 8 9 27 30 42 11 16 26 32 **5** Times tested: 1 1 1 1 1 1 1 1 1 1 1 1 2 2 2 2 2 2 2 3 3 3 3 **4** &#x200B; Excuse the messy formatting, but you can see that many employees (1,2,7,12,14,..., 43, 47) never get tested at all, while employee 5 got tested 4 times. &#x200B; Sim #2: Same parameters. Emp:4 5 6 9 11 14 17 20 21 30 32 33 34 35 37 39 40 48 50 1 2 8 12 13 15 16 Tests: 0 0 0 0 0 0 0 0 0 0 0 0 0 0 0 0 0 0 0 1 1 1 1 1 1 1 Emp: 18 19 24 25 28 29 31 36 42 43 44 45 46 49 7 23 27 38 47 3 26 41 10 22 Tests: 1 1 1 1 1 1 1 1 1 1 1 1 1 1 2 2 2 2 2 3 3 3 4 4 &#x200B; Again, many employees never get tested, but a couple (10,22) get tested a lot. &#x200B; Sim #3: A small company (10 employees), testing 2 a month for 24 months. Emp: 4 1 3 5 9 10 7 2 **6 8** Tests:1 3 4 4 4 4 5 7 **8 8** Employees 6 and 8 might feel picked on, but it's just the random number generator getting them! &#x200B; Sim #4: 10 employees, testing half of them every month for 24 months. Emp: 7 5 6 2 10 4 8 1 3 9 Tests:6 9 10 11 12 13 13 15 15 16 Again, employees 1,3, and 9 are outliers. &#x200B; Sim #5: 10 employees, testing 80% of them each month for 24 months. Emp: 4 3 6 7 5 1 2 8 10 9 Test: 16 18 18 18 19 20 20 20 20 23 Here, you get something much closer to a uniform distribution, but there are still outliers. &#x200B; The point is that in any random process there are bound to be outliers, and trying to determine whether you are one of the outliers that is bound to occur or if there is some systematic bias in the testing process is not a trivial matter that can be done by the eyeball test. If the testing process is truly random, there will be convergence to a uniform distribution where everyone gets tested with the same relative frequency, but you will almost certainly never witness this ideal probability distribution in a small sample of tests. &#x200B;"
2,b2yb1q,t2_1ii6hmcl,ufruitloopdingus,NTA there was nothing else you could have done 
2,agh2j7,t2_18a48bu0,kwneumann,"NTA. ""She needs to communicate if she's feeling upset."""
2,avx20b,t2_2yiw53o2,LFAAMG,NTA but it's usually because most people drive 10 or more miles over the speed limit regularly
2,avx20b,t2_ohv69,Dr_thri11,"Nta, but you could probably get away with something in the lows 70s."
2,b64tgf,t2_dn9au,Swiollvfer,"NTA. This is way too unprofessional. 100% normal to fire someone for stuff like that, unless you have a somewhat cordial relationship.."
2,a2gry0,t2_ymt259g,METROID-DIME,NTA pretty sure this is against the law
2,axqvgx,t2_5uyon,greenbastardette,"NTA - unless there are rules posted above the microwave prohibiting it (e.g. ""No fish!""), you're totally fine."
2,at5w7e,t2_1kfdjj5y,avocado__dip,NTA. However you probably need to legally give her a couple weeks (maybe even a month) to move out.
2,b582yh,t2_114wwg,MyTitsAreRustled,NTA and I hope you keep your finances separate.
2,aw7rpq,t2_hupss0k,Gleapglop,NTA: your friend and Sara were being willfully disingenuous 
2,aw7rpq,t2_buay1,centurion44,"Your emotional intelligence and social skills need a wheelchair. YTA, learn how to interact with people."
2,aw7rpq,t2_2szny3y2,knat0,YTA. There were many better ways of handling that.
2,aw7rpq,t2_zbqdu,eb_straitvibin,"NTA. You‚Äôre allowed to like, be attracted to, and date whoever you want, for any reason. "
2,aw7rpq,t2_2w4ibe91,poopiebutwhole,NTA You should have been warned before even talking to her. 
2,aw7rpq,t2_dmz8zr5,lickmysackett,YTA because of the way you handled it. End of story.
2,aw7rpq,t2_32bt58bj,BeLessAwkward,YTA you could of certainly been better about it. 
2,as3m0x,t2_io85id2,whippetshuffle,YTA. Neither intoxication nor a dare are excuses for it. 
2,b3zaka,t2_absjpu0,Queequegs_Harpoon,"NTA. It's 2019; must we really still debate over this? Fat lot of good her outlook did her too; she's divorced, isn't she?"
2,a1v1ph,t2_2grb9e5i,StrongWithin76,NTA......and I think your directors need some help. Literal help. 
2,ak0zkc,t2_ccbui,SnausageFest,YTA. How manipulative. What a nasty way to treat someone you apparently wanted to compliment.
2,ak0zkc,t2_2crjxyo9,smellygymbag,"Yta - showboating, being a little obtuse"
2,ak0zkc,t2_z99j5,TheBelleOfTheBrawl,YTA: should‚Äôve made it clear why you were asking for the manager. 
2,ak0zkc,t2_14n2jr,redpanda6969,Me upon seeing the title: great somebody who did a good thing and seeking validation again Me upon reading the OP: yikes YTA 
2,ak0zkc,t2_fxyp2,faz712,YTA to the server YTA also to your date judging from how you describe her
2,ak0zkc,t2_rupui,graylisted,"NTA. As a server I would appreciate that, and I do get it fairly often "
2,ak0zkc,t2_2hdwzvfj,venusianmoon,YTA... ‚ÄúYou did an amazing job. How can I make sure you get recognized?‚Äù 
2,ak0zkc,t2_1xwrcmq6,hypoxiate,"NTA. You dodged a bullet. The potential girlfriend is an insecure, jealous person."
2,ak0zkc,t2_e4u7a,samwhiskey,Never have contact with that person again. 
2,ak0zkc,t2_1wgci49i,BearerBear,I‚Äôm so confused as to what OP did wrong. I worked in food service and people did this all the time? NTA.
2,a6ovn3,t2_19ajydib,AGalb,NTA Get out asap. You are not an asshole for wanting to leave an abusive situation. 
2,ainf1h,t2_otf88,mecpaw,NTA. Although it might interesing to see if your ex's best friend WBTA for dating you.
2,b5tpf0,t2_epo7q4e,lilyrose64,"YTA. > so people Am I AITA for wasting the hospital‚Äôs resources, & time , that could have went to someone else because of my accidental shenanigans?? Did you even need to ask that? &#x200B;"
2,b5tpf0,t2_3c8epu10,MasterOfSuspense,YTA. You wasted the ER doctor‚Äôs time and the taxpayer‚Äôs dollars. 
2,b7qebo,t2_w9yikvs,briizzi,NTA do what is best for your future and your wellbeing
2,b7qebo,t2_ccs8r0,Vande_Kamp,INFO: who is paying if you don't go to the in-state school? You via loans: NTA or perhaps NAH Your parents: YTA
2,anfda0,t2_ym2bsvt,blakecameron,NTA at all. i hate people who appropriate mental illness. definitely call him out.
2,adrfbl,t2_1m5nq1ui,gulfbreezeincident,"YTA. One of you has a fully developed frontal lobe, controlling judgement and impulses. One doesn‚Äôt "
2,adrfbl,t2_1rokcbw2,auldnate,"YTA for sure! Keep the ball, and then return it to his parents with an explanation of what happened. "
2,adrfbl,t2_11baiz,AijeEdTriach,NTA. I imagine this was a good learning experience for them.
2,asksij,t2_2ftuf532,TheFlightlessPenguin,NTA. There is no reality where you need to ask this question. 
2,asksij,t2_5oel6,J-Slam,NTA but just fyi I don't think that page alone gives enough context.
2,b5igmo,t2_2it1nomo,hastur777,YTA. Learn to deal with minor annoyances without blowing a gasket for no reason. 
2,b89soi,t2_14r878,idontreallylikecandy,"YTA. For future reference, when coming up with a prank, a good rule is ‚ÄúConfuse, don‚Äôt abuse.‚Äù As others have pointed out, this prank isn‚Äôt even funny. "
2,b89soi,t2_1to0qqa2,MikkiTh,YTA The biggest one of all. This was a cruel dangerous prank and your friendships are probably done. 
2,anieof,t2_kv520,Curiousdragon,"NTA- things are only funny if all involved think is funny. You were unkind, but he should understand better after such an insult adjustment the picture should be removed. "
2,afrsu0,t2_dii8k,ElectricFleshlight,"Holy shit yes YTA, you aren't the arbiter of depression. Attention-seeking and validation-seeking behavior isn't unheard of for depressed people. "
2,acww5m,t2_210o55a9,rainbowesque1,YTA. Don't comment on what another adult chooses to eat unless they have explicitly asked for your opinion.
2,b0ssd4,t2_2l6nbda,LitLantern,"NTA, sounds like his money is his money and your money is ""our money."""
2,b0ssd4,t2_m3toc,postedByDan,"NTA, pay off your loans, payback your 401k, start enjoying your money, then revisit."
2,b0ssd4,t2_v0n654f,midnightyell512,"NTA. Half is fair, especially if he's got money for toys."
2,b1z6r2,t2_6hfro,borderlinebadger,yta you are a great example of why people hate step parents. 
2,b1z6r2,t2_j9082s9,SuperFreakingTired,YTA for your treatment towards your stepdaughter and for breaking rule #3 of ‚Äòaccepting your judgement‚Äô. 
2,b1tr3a,t2_nuwxa9s,Craft_Beer_Fan1972,YTA. I think anyone‚Äîmale or female‚Äîwho uses tears to manipulate someone is an asshole. 
2,ardnll,t2_2a5gdmsk,nate2092,NTA You should talk to management again. Highlight this issue again since it became a problem when you left. That hopefully will encourage them to actually do something. 
2,b3x9d9,t2_3cw11gjj,BazTheBaptist,"NTA. she had her chance, and posting a private conversation is completely out of line"
2,b77y1b,t2_16qf45m1,ThirtyMileSniper,NTA. Fraud is fraud despite the platform. I doubt the police will be interested though.
2,akso8m,t2_s5i9tzh,SmokeyGreenEyes,NTA. If you've been dropping hints for the last - however long- he's got to know by now. 
2,akso8m,t2_5uyon,greenbastardette,NTA for setting a deadline for yourself; YTA for not telling him how important this sick father situation is to you and expecting him to read your mind. COMMUNICATE. 
2,b4dxso,t2_2jhkj57z,lizzitron,"NTA. However if you feel like supporting the cause, find a substitute activity that is more feasible with your schedule. "
2,azxs23,t2_1yqv3hv3,plrja13,"YTA‚Äî getting the police involved can be _very_ traumatic for victims. You put your own feelings about the situation over her comfort, and disrespected her wishes. YTA"
2,aruqj6,t2_z4hcd,Lunaborne,NTA. How old is your sister? She sounds too immature/childish to have a child of her own...
2,9uuhgi,t2_9a9lhy,timelordoftheimpala,"NTA. It's one thing for them to cheat, it's another thing when said cheating affects everyone else. "
2,audeqz,t2_bu85a3o,Louwye,YTA...It is a horrible process that should never be done to an animal. Just don't.
2,af3ztc,t2_2catxs9v,DashEquals,"NTA, not your place. Lots of people are protective of their phones."
2,b0vvsa,t2_1r6b8ht2,Tigercatzen,"NTA Explained as you don't have the authority, then you don't. Simple as that."
2,azkzlo,t2_4gv61eh,jared040,NTA they are complaining about free food and a really thoughtful gesture?
2,azkzlo,t2_2y3c3qny,babygirllynx,NTA that person sounds super ungrateful and childish.
2,azkzlo,t2_6suvr,Zenopus,NTA. It came from a good place. But; no means no. 
2,ab2pkg,t2_1w4o3m3i,LeaveMeMalone666,NTA tell them they've reaped what they've sown.
2,ab2pkg,t2_a7sl2ib,MysticalFrost,NTA - treat people how they treat you. Why should you share with them when they refused to share with you? 
2,b2gpgu,t2_2r7feh5m,kevinmcgarnickle,NTA - Real friends are happy for their friends. You don't need people who are unsupportive.
2,aftnyt,t2_1skn378,LeddyKat,"NTA, but I would say break up with him. A relationship without trust is not worth your time. "
2,b10y9w,t2_qtaeemg,JediAreTakingOver,NTA - Your property. Can do what you want with it.
2,b8z7fh,t2_4medk,wmnoe,"YTA - All or nothing, you've opened the door to some...that was a mistake. "
2,9vc1ts,t2_1rlqmeir,a1337sti,NTA - but you could offer to still be interviewed if he can turn in the paper late
2,a3vjz3,t2_2dfkeeql,definitelynotahunter,"NTA for feeling this way, but actually doing it would be a whole different story."
2,a3vjz3,t2_1f3zkgng,n_m_l,NTA - I have a difficult child - not RAD but multiple other diagnoses. I cried reading ur post. Sending u much love 
2,a3vjz3,t2_dr3m3,Pec0sb1ll,"NTA, that being said I‚Äôm not sure how to go about that, but I would."
2,a3vjz3,t2_fj3wp,JungProfessional,NTA RAD is the child/teen version of adults Borderline Personality Disorder from a view of how difficult it is as well as to treat. 
2,a3vjz3,t2_1yprjuzg,Skyyward_,~YTA ? kinda. Sorry but renouncing on a child is kinda trashy. Don't get me wrong though I understand why
2,a3vjz3,t2_1lfydt4j,saubhya,NTA for feeling this way but YWBTA if you went through with it
2,ae3ifk,t2_mxjin,TheNonDuality, NTA. Not sure why you would think you are. You clearly said no jewelry. Also I noticed you said ‚Äúdated‚Äù 
2,ba8jpv,t2_2wwnhhoy,callie_cerulli,"NTA but I would have gone with ""father"" in the most deadpan voice possible"
2,ba8jpv,t2_3wfxs,SeparateCzechs,**NTA** He is playing Dominance games. This is about control. Keep up the clever resistance. Maintain your boundaries.
2,b84s9a,t2_1j88je6y,Granola007,"NTA - your time, your effort. Not sure it's going to get you anywhere though."
2,axt156,t2_kb3cd,VegasBonheur,"NTA. When I was unemployed after high school, my parents felt the same way about me."
2,b3s2dk,t2_2tzz2pnt,jag5000,I can see why people where mad that you housed and cherished a Nazi flag. YTA. 
2,b3s2dk,t2_2iyydppq,BlueOrcaJupiter,NTA Pursue by all legal means you deem necessary. A reasonable person would not destroy another‚Äôs property when a guest in their house. 
2,a82jrn,t2_1rlqmeir,a1337sti,"NTA - just a hopeless romantic. key word in this situation is **Hopeless** . tear the band aid off and get moving on with life. &#x200B; Also, wait, are you describing a phone sex only relationship as FWB? that's cute. :) "
2,a1rpn7,t2_dogjb,greenpinkie,NTA but wanting it doesn‚Äôt mean it‚Äôs going to happen. Start looking for another job.
2,an29sf,t2_6wlo1,Bodymaster,"NTA, it's not your job to educate the seller."
2,9wi9zo,t2_yrv7t,ABuzzedWhaler,"NTA, unless you're really leading people on. Otherwise, it's your choice."
2,apxa03,t2_rddqgdt,Virulencer,"YTA. Answering a question honestly sometimes requires more tact than honesty. An honest answer could have also been ""I'm not sure. I'll ask them the next time I see them."" "
2,a43d81,t2_1hejqswz,Chal00pacabra,NTA find him a good home he will be loved and properly cared for. 
2,axfrqy,t2_929px,Jaywearspants,YTA - he‚Äôs under no obligation to oblige your request. Flying isn‚Äôt comfortable for anyone. 
2,9y62rb,t2_22zlhxzv,donotfeedthecat,NTA. If you would have argued and thrown a fit then YTA. But you didnt. 
2,b3l3ah,t2_i2tig,Finn_Finite,NTA. Life happens and you were professional in your cancellations. 
2,abfn7c,t2_18a48bu0,kwneumann,NTA. Perfectly reasonable to request a change and he should definitely be accommodating to you occasionally 
2,abfn7c,t2_lgd9u,Slayer_Of_Anubis,NTA Plenty of people spend New Years at home. You're not socially obligated to go out just because a ton of people choose to. 
2,aero46,t2_10to0e,MildredNatwick,"NTA, and you shouldn't feel at all bad or guilty about drawing & enforcing perfectly reasonable boundaries."
2,aplqzd,t2_x896fls,longtimelondoner,"NTA. They want to speak to you and apologise?Then a good idea is not to ambush you at home. That‚Äôs pretty rude. If you want more advice, head to r/JustNoMIL. "
2,asr5ym,t2_27wla2dq,SubjectiveAssertive,NTA - your friend needs to learn how to budget/cut his cloth according to his income.
2,aije30,t2_sol0e,ptsfn54a,"NTA, breech of contact, you don't owe them anything. "
2,aije30,t2_oc9z1sb,Gromet97,Nta: tell them you need to it pay for all the property damage. 
2,aije30,t2_161h0l,FighterWoman,NTA. They are lucky you don‚Äôt attempt to have your expenses covered by the house sitter.
2,aije30,t2_1z01bsfg,thelobear,"NTA. At the MOST, deduct the costs she has created from the money she would‚Äôve received. If there‚Äôs anything left over, she gets it."
2,aije30,t2_cdibl,cutekittensmeow,NTA - You should probably be asking about this in r/legaladvice
2,a2lnof,t2_1yl3ng4l,One_snek_,"INFO. This sounds like it's purposely not showing a bid part of the story. I would dare to say YTA, but I'm not sure."
2,az7l9u,t2_11f38g,Akasgotu,"NTA. The passive agrresiveness makes him the asshole, not you."
2,b5tgo2,t2_2r37plh3,KDragg24,"NTA. $5 for drink? Management needs to know if there is a problem. If they don't know, nothing can ever be fixed. "
2,b5tgo2,t2_2nz4zq5s,thewhitewallisblue,"NTA, the cashier messed up and refused to own it. "
2,b5tgo2,t2_x1j6s,TentaclesAndCupcakes,NTA. The cashier was 100% wrong and you were right to leave a bad review. 
2,b5tgo2,t2_5z6e1nj,Lickerbomper,"NTA. Cashier didn't handle it immediately, and made the situation worse for himself."
2,b5tgo2,t2_tv4dw,Believe_Land,NTA but your non-understanding of their/they‚Äôre/there is disturbing indeed. 
2,b5tgo2,t2_10c8cz,alyssaurusRex,NTA. The cashier should‚Äôve corrected his error in the first place and apologized for the misunderstanding. 
2,b5tgo2,t2_10jqci,beccimaria,Nta. That casheir was. And i'm pretty sure that their manager agrees. 
2,b5tgo2,t2_ypigm,ca_agent,NTA - You helped that business out in the long and short term. 
2,azybh8,t2_xv636,ex-inteller,"NTA. >""I have a legitimate legal case given that it's not legal to keep siblings from communicating/seeing each other."" I'm pretty sure that's not true anywhere. You might want to ask on r/legaladvice"
2,ai4pe2,t2_2ybbaqlp,OrneryNerves,"NTA. If it‚Äôs true, that‚Äôs a lot of phone calls. "
2,a1olby,t2_143th2,viewfromtheclouds,NTA. Family is up to you to include in your life or not. 
2,arooyg,t2_mld4z,Splatterfilm,Yta. How are they going to keep in touch with their friends? You‚Äôre essentially isolating them.
2,arooyg,t2_12w723,JoshNoshX,"YTA set some limits not just outright ban all electronics, they're useful for homework/research "
2,arooyg,t2_sa3jum,QueanLaQueafa,...start slipping into alcohol? How does that even make sense. You're completely ruining their relationships with friends. They'll resent you. YTA you controlling pshyco
2,arooyg,t2_ugjnq,Scrabulon,YTA. It would be simple enough to just say ‚Äúno electronics til after homework‚Äù. This is a bit extreme.
2,arooyg,t2_c595b,GenevieveLeah,"NTA, but I feel I am outnumbered here."
2,b2nsyk,t2_xv636,ex-inteller,"NTA, sounds like you were ""with benefits"" and not ""friends""."
2,alyq0f,t2_srgyq,Inquisitor231,"NTA. Solely in that he lied to you about the drinking, though."
2,b14bpm,t2_rst2a,ZincNut,YTA &#x200B; For a lot of reasons but #1 for forcing a belief onto someone. Its the equivalent of saying they're going to hell.
2,a3kdx6,t2_266nlvbz,sweetpeeeeeeeeeep,NTA. I‚Äôm female and I‚Äôm capable of mowing the lawn (and do mow the lawn)
2,a4eg7e,t2_17ie94,Megjam,YTA. There are more constructive ways to communicate with someone. Most adults know this. 
2,a4eg7e,t2_qf0qj,Steampunkery,"YTA, don't tell, it's not appropriate."
2,b7ko06,t2_16cxlp,sloth_hug,NTA whatsoever. It is entirely healthy to cut toxic people from your life. You owe your abuser no explanation. 
2,b7ko06,t2_5edzl8s,michaelad567,NTA: you cut a horrible and damaging person out of your life. It was a good move. 
2,a6jc38,t2_xtj3b,viralplant,NTA. The pregnant woman and her friend though definitely are.
2,a6jc38,t2_xljtu,Daedalus871,NTA. She had a seat and gave it up.
2,a6jc38,t2_j4q96,darthphallic,"NTA, she gave up her seat and the friend could have given it back. "
2,a6jc38,t2_94sjw,panic_bread,NTA. The bus driver should have kicked those two off the bus. 
